-- E2-D2-T01 starter catalog seed. Generated from seeds/catalog/starter-catalog.v1.json.
-- LOCAL D1 ONLY. Do not edit by hand; run `npm run catalog:build-seed`.
PRAGMA foreign_keys=ON;
BEGIN TRANSACTION;

INSERT INTO workout_categories (id, slug, name, icon, sort_order, is_active) VALUES
('cat-morning', 'morning', 'Утро', 'sunrise', 10, 1),
('cat-back', 'back', 'Спина', 'spine', 20, 1),
('cat-stretch', 'stretch', 'Растяжка', 'move', 30, 1),
('cat-strength', 'strength', 'Сила', 'dumbbell', 40, 1),
('cat-relax', 'relax', 'Расслабление', 'leaf', 50, 1),
('cat-mobility', 'mobility', 'Мобильность', 'rotate-3d', 60, 1),
('cat-balance', 'balance', 'Баланс', 'scale', 70, 1),
('cat-core', 'core', 'Кор', 'circle-dot', 80, 1),
('cat-evening', 'evening', 'Вечер', 'moon', 90, 1),
('cat-breath', 'breath', 'Дыхание', 'wind', 100, 1)
ON CONFLICT(id) DO UPDATE SET slug=excluded.slug, name=excluded.name, icon=excluded.icon, sort_order=excluded.sort_order, is_active=excluded.is_active;

INSERT INTO exercises (id, owner_id, title, description, media_object_key, media_type, default_duration_seconds, default_repetitions, created_at, updated_at) VALUES
('ex-anjali-mudra', NULL, 'Анджали мудра', 'Ладони у груди, спокойное выравнивание.', 'catalog/exercises/anjali-mudra.mp4', 'video', 45, NULL, '2026-07-14T00:00:00.000Z', '2026-07-14T00:00:00.000Z'),
('ex-ardha-chakrasana', NULL, 'Ардха чакрасана', 'Мягкий прогиб назад стоя.', 'catalog/exercises/ardha-chakrasana.mp4', 'video', 45, NULL, '2026-07-14T00:00:00.000Z', '2026-07-14T00:00:00.000Z'),
('ex-boat-pose', NULL, 'Поза лодки', 'Укрепление корпуса в балансе на седалище.', 'catalog/exercises/boat-pose.mp4', 'video', 45, NULL, '2026-07-14T00:00:00.000Z', '2026-07-14T00:00:00.000Z'),
('ex-chair-pose', NULL, 'Поза стула', 'Сила ног и устойчивость в полуприседе.', 'catalog/exercises/chair-pose.mp4', 'video', 45, NULL, '2026-07-14T00:00:00.000Z', '2026-07-14T00:00:00.000Z'),
('ex-cobra-pose', NULL, 'Кобра', 'Мягкое раскрытие груди лёжа на животе.', 'catalog/exercises/cobra-pose.mp4', 'video', 45, NULL, '2026-07-14T00:00:00.000Z', '2026-07-14T00:00:00.000Z'),
('ex-crescent-lunge', NULL, 'Выпад полумесяца', 'Выпад с вытяжением вверх.', 'catalog/exercises/crescent-lunge.mp4', 'video', 45, NULL, '2026-07-14T00:00:00.000Z', '2026-07-14T00:00:00.000Z'),
('ex-crescent-lunge-2', NULL, 'Выпад полумесяца · вариант', 'Альтернативный выпад полумесяца.', 'catalog/exercises/crescent-lunge-2.mp4', 'video', 45, NULL, '2026-07-14T00:00:00.000Z', '2026-07-14T00:00:00.000Z'),
('ex-dancer-pose', NULL, 'Поза танцора', 'Баланс на одной ноге с захватом стопы.', 'catalog/exercises/dancer-pose.mp4', 'video', 45, NULL, '2026-07-14T00:00:00.000Z', '2026-07-14T00:00:00.000Z'),
('ex-digasana', NULL, 'Дигасана', 'Стоячее вытяжение с раскрытием корпуса.', 'catalog/exercises/digasana.mp4', 'video', 45, NULL, '2026-07-14T00:00:00.000Z', '2026-07-14T00:00:00.000Z'),
('ex-exercise-pose', NULL, 'Базовая мобильность', 'Универсальное движение для разминки.', 'catalog/exercises/exercise-pose.mp4', 'video', 45, NULL, '2026-07-14T00:00:00.000Z', '2026-07-14T00:00:00.000Z'),
('ex-extended-side', NULL, 'Вытянутый боковой угол', 'Боковое вытяжение в выпаде.', 'catalog/exercises/extended-side.mp4', 'video', 45, NULL, '2026-07-14T00:00:00.000Z', '2026-07-14T00:00:00.000Z'),
('ex-extended-triangle', NULL, 'Вытянутый треугольник', 'Раскрытие боковой линии тела.', 'catalog/exercises/extended-triangle.mp4', 'video', 45, NULL, '2026-07-14T00:00:00.000Z', '2026-07-14T00:00:00.000Z'),
('ex-glyph', NULL, 'Символ / центр', 'Спокойная центрирующая поза.', 'catalog/exercises/glyph.mp4', 'video', 45, NULL, '2026-07-14T00:00:00.000Z', '2026-07-14T00:00:00.000Z'),
('ex-gymnastic-pose', NULL, 'Гимнастический баланс', 'Сила и контроль корпуса.', 'catalog/exercises/gymnastic-pose.mp4', 'video', 45, NULL, '2026-07-14T00:00:00.000Z', '2026-07-14T00:00:00.000Z'),
('ex-half-twist', NULL, 'Полускручивание', 'Мягкое скручивание позвоночника.', 'catalog/exercises/half-twist.mp4', 'video', 45, NULL, '2026-07-14T00:00:00.000Z', '2026-07-14T00:00:00.000Z'),
('ex-kakasana', NULL, 'Какасана', 'Баланс на руках (ворона), осторожно с запястьями.', 'catalog/exercises/kakasana.mp4', 'video', 45, NULL, '2026-07-14T00:00:00.000Z', '2026-07-14T00:00:00.000Z'),
('ex-koundinyasana', NULL, 'Кундиниасана', 'Продвинутый баланс на руках.', 'catalog/exercises/koundinyasana.mp4', 'video', 45, NULL, '2026-07-14T00:00:00.000Z', '2026-07-14T00:00:00.000Z'),
('ex-leg-extended', NULL, 'Нога вытянута', 'Вытяжение ноги сидя или лёжа.', 'catalog/exercises/leg-extended.mp4', 'video', 45, NULL, '2026-07-14T00:00:00.000Z', '2026-07-14T00:00:00.000Z'),
('ex-legs-up', NULL, 'Ноги вверх', 'Восстановление с ногами выше сердца.', 'catalog/exercises/legs-up.mp4', 'video', 45, NULL, '2026-07-14T00:00:00.000Z', '2026-07-14T00:00:00.000Z'),
('ex-lunging-forward', NULL, 'Выпад вперёд', 'Выпад с акцентом на сгибатели бедра.', 'catalog/exercises/lunging-forward.mp4', 'video', 45, NULL, '2026-07-14T00:00:00.000Z', '2026-07-14T00:00:00.000Z'),
('ex-moon-pose', NULL, 'Поза луны', 'Боковое вытяжение стоя.', 'catalog/exercises/moon-pose.mp4', 'video', 45, NULL, '2026-07-14T00:00:00.000Z', '2026-07-14T00:00:00.000Z'),
('ex-mountain-pose', NULL, 'Поза горы', 'Выравнивание стоп, таза и плеч.', 'catalog/exercises/mountain-pose.mp4', 'video', 45, NULL, '2026-07-14T00:00:00.000Z', '2026-07-14T00:00:00.000Z'),
('ex-natarajasana', NULL, 'Натараджасана', 'Классическая поза танцора Шивы.', 'catalog/exercises/natarajasana.mp4', 'video', 45, NULL, '2026-07-14T00:00:00.000Z', '2026-07-14T00:00:00.000Z'),
('ex-navasana', NULL, 'Навасана', 'Лодка: сила глубокого кора.', 'catalog/exercises/navasana.mp4', 'video', 45, NULL, '2026-07-14T00:00:00.000Z', '2026-07-14T00:00:00.000Z'),
('ex-one-legged', NULL, 'Баланс на одной ноге', 'Устойчивость и фокус.', 'catalog/exercises/one-legged.mp4', 'video', 45, NULL, '2026-07-14T00:00:00.000Z', '2026-07-14T00:00:00.000Z'),
('ex-pigeon-pose', NULL, 'Голубь', 'Раскрытие таза и внешней поверхности бедра.', 'catalog/exercises/pigeon-pose.mp4', 'video', 45, NULL, '2026-07-14T00:00:00.000Z', '2026-07-14T00:00:00.000Z'),
('ex-puppy-pose', NULL, 'Поза щенка', 'Мягкое вытяжение плеч и спины.', 'catalog/exercises/puppy-pose.mp4', 'video', 45, NULL, '2026-07-14T00:00:00.000Z', '2026-07-14T00:00:00.000Z'),
('ex-reclined-twist', NULL, 'Скручивание лёжа', 'Расслабляющее скручивание на спине.', 'catalog/exercises/reclined-twist.mp4', 'video', 45, NULL, '2026-07-14T00:00:00.000Z', '2026-07-14T00:00:00.000Z'),
('ex-reclines-staff', NULL, 'Посох лёжа', 'Вытяжение на спине.', 'catalog/exercises/reclines-staff.mp4', 'video', 45, NULL, '2026-07-14T00:00:00.000Z', '2026-07-14T00:00:00.000Z'),
('ex-sage-twist', NULL, 'Скручивание мудреца', 'Сидячее скручивание.', 'catalog/exercises/sage-twist.mp4', 'video', 45, NULL, '2026-07-14T00:00:00.000Z', '2026-07-14T00:00:00.000Z'),
('ex-side-plank', NULL, 'Боковая планка', 'Сила боковой линии и плеч.', 'catalog/exercises/side-plank.mp4', 'video', 45, NULL, '2026-07-14T00:00:00.000Z', '2026-07-14T00:00:00.000Z'),
('ex-side-stretch', NULL, 'Боковое вытяжение', 'Раскрытие боковой поверхности.', 'catalog/exercises/side-stretch.mp4', 'video', 45, NULL, '2026-07-14T00:00:00.000Z', '2026-07-14T00:00:00.000Z'),
('ex-spinal-twist', NULL, 'Скручивание позвоночника', 'Мобильность грудного и поясничного отдела.', 'catalog/exercises/spinal-twist.mp4', 'video', 45, NULL, '2026-07-14T00:00:00.000Z', '2026-07-14T00:00:00.000Z'),
('ex-staff-pose', NULL, 'Посох', 'Вытяжение сидя с прямой спиной.', 'catalog/exercises/staff-pose.mp4', 'video', 45, NULL, '2026-07-14T00:00:00.000Z', '2026-07-14T00:00:00.000Z'),
('ex-standing-balancing', NULL, 'Стоячий баланс', 'Удержание равновесия стоя.', 'catalog/exercises/standing-balancing.mp4', 'video', 45, NULL, '2026-07-14T00:00:00.000Z', '2026-07-14T00:00:00.000Z'),
('ex-standing-split', NULL, 'Стоячий шпагат', 'Наклон с ногой вверх у стены или свободно.', 'catalog/exercises/standing-split.mp4', 'video', 45, NULL, '2026-07-14T00:00:00.000Z', '2026-07-14T00:00:00.000Z'),
('ex-stretching-sideway', NULL, 'Растяжка вбок', 'Боковая линия тела.', 'catalog/exercises/stretching-sideway.mp4', 'video', 45, NULL, '2026-07-14T00:00:00.000Z', '2026-07-14T00:00:00.000Z'),
('ex-supine-eagle', NULL, 'Орёл лёжа', 'Скручивание/обхват лёжа.', 'catalog/exercises/supine-eagle.mp4', 'video', 45, NULL, '2026-07-14T00:00:00.000Z', '2026-07-14T00:00:00.000Z'),
('ex-supine-figure', NULL, 'Четвёрка лёжа', 'Раскрытие ягодиц и таза на спине.', 'catalog/exercises/supine-figure.mp4', 'video', 45, NULL, '2026-07-14T00:00:00.000Z', '2026-07-14T00:00:00.000Z'),
('ex-supported-bridge', NULL, 'Мост с опорой', 'Мягкий прогиб на спине.', 'catalog/exercises/supported-bridge.mp4', 'video', 45, NULL, '2026-07-14T00:00:00.000Z', '2026-07-14T00:00:00.000Z'),
('ex-tree-pose', NULL, 'Поза дерева', 'Баланс на одной ноге.', 'catalog/exercises/tree-pose.mp4', 'video', 45, NULL, '2026-07-14T00:00:00.000Z', '2026-07-14T00:00:00.000Z'),
('ex-twisted-monkey', NULL, 'Скрученный обезьяна', 'Выпад со скручиванием.', 'catalog/exercises/twisted-monkey.mp4', 'video', 45, NULL, '2026-07-14T00:00:00.000Z', '2026-07-14T00:00:00.000Z'),
('ex-upward-salute', NULL, 'Приветствие вверх', 'Вытяжение рук вверх стоя.', 'catalog/exercises/upward-salute.mp4', 'video', 45, NULL, '2026-07-14T00:00:00.000Z', '2026-07-14T00:00:00.000Z'),
('ex-urdhva-prasarita', NULL, 'Урдхва прасарита', 'Вытяжение ног вверх.', 'catalog/exercises/urdhva-prasarita.mp4', 'video', 45, NULL, '2026-07-14T00:00:00.000Z', '2026-07-14T00:00:00.000Z'),
('ex-vrikshasana', NULL, 'Врикшасана', 'Классическое дерево.', 'catalog/exercises/vrikshasana.mp4', 'video', 45, NULL, '2026-07-14T00:00:00.000Z', '2026-07-14T00:00:00.000Z'),
('ex-warrior-pose', NULL, 'Воин', 'Сильный выпад с открытой грудью.', 'catalog/exercises/warrior-pose.mp4', 'video', 45, NULL, '2026-07-14T00:00:00.000Z', '2026-07-14T00:00:00.000Z')
ON CONFLICT(id) DO UPDATE SET title=excluded.title, description=excluded.description, media_object_key=excluded.media_object_key, media_type=excluded.media_type, default_duration_seconds=excluded.default_duration_seconds, default_repetitions=excluded.default_repetitions, updated_at=excluded.updated_at;

INSERT INTO workouts (id, owner_id, source_type, visibility, title, description, cover_object_key, youtube_video_id, duration_seconds, difficulty, equipment, contraindications, format, status, created_at, updated_at, published_at) VALUES
('wo-morning-10', NULL, 'flowly', 'public', 'Утро за 10 минут', 'Мягкий старт дня: гора, приветствие вверх, стул и баланс.', 'catalog/covers/wo-morning-10.webp', NULL, 600, 'beginner', '[]', '["острая боль"]', 'step_by_step', 'published', '2026-07-14T00:00:00.000Z', '2026-07-14T00:00:00.000Z', '2026-07-14T00:00:00.000Z'),
('wo-back-soft-15', NULL, 'flowly', 'public', 'Мягкая спина', 'Кобра, щенок, скручивания и мост для спокойной спины.', 'catalog/covers/wo-back-soft-15.webp', NULL, 900, 'beginner', '["коврик"]', '["острая боль в спине"]', 'step_by_step', 'published', '2026-07-14T00:00:00.000Z', '2026-07-14T00:00:00.000Z', '2026-07-14T00:00:00.000Z'),
('wo-stretch-evening-20', NULL, 'flowly', 'public', 'Вечерняя растяжка', 'Растяжка и восстановление перед сном.', 'catalog/covers/wo-stretch-evening-20.webp', NULL, 1200, 'beginner', '["коврик"]', '["травмы тазобедренных"]', 'step_by_step', 'published', '2026-07-14T00:00:00.000Z', '2026-07-14T00:00:00.000Z', '2026-07-14T00:00:00.000Z'),
('wo-core-12', NULL, 'flowly', 'public', 'Кор без спешки', 'Лодка, планка сбоку и контроль корпуса.', 'catalog/covers/wo-core-12.webp', NULL, 720, 'beginner', '["коврик"]', '["обострение боли в пояснице"]', 'step_by_step', 'published', '2026-07-14T00:00:00.000Z', '2026-07-14T00:00:00.000Z', '2026-07-14T00:00:00.000Z'),
('wo-hips-25', NULL, 'flowly', 'public', 'Таз и бёдра', 'Выпады, голубь и раскрытие таза.', 'catalog/covers/wo-hips-25.webp', NULL, 1500, 'intermediate', '["коврик"]', '["острые травмы коленей"]', 'step_by_step', 'published', '2026-07-14T00:00:00.000Z', '2026-07-14T00:00:00.000Z', '2026-07-14T00:00:00.000Z'),
('wo-balance-basic-15', NULL, 'flowly', 'public', 'Баланс база', 'Дерево, воин и стоячие балансы.', 'catalog/covers/wo-balance-basic-15.webp', NULL, 900, 'beginner', '[]', '["головокружение"]', 'step_by_step', 'published', '2026-07-14T00:00:00.000Z', '2026-07-14T00:00:00.000Z', '2026-07-14T00:00:00.000Z'),
('wo-shoulders-14', NULL, 'flowly', 'public', 'Плечи и грудной отдел', 'Щенок, кобра и мягкие скручивания.', 'catalog/covers/wo-shoulders-14.webp', NULL, 840, 'beginner', '[]', '["острая боль в шее"]', 'step_by_step', 'published', '2026-07-14T00:00:00.000Z', '2026-07-14T00:00:00.000Z', '2026-07-14T00:00:00.000Z'),
('wo-energy-20', NULL, 'flowly', 'public', 'Энергия без прыжков', 'Динамичные стоячие позы без ударной нагрузки.', 'catalog/covers/wo-energy-20.webp', NULL, 1200, 'intermediate', '["коврик"]', '["острая боль"]', 'step_by_step', 'published', '2026-07-14T00:00:00.000Z', '2026-07-14T00:00:00.000Z', '2026-07-14T00:00:00.000Z'),
('wo-lower-back-10', NULL, 'flowly', 'public', 'Поясница: мягко', 'Мост, скручивания и ноги вверх.', 'catalog/covers/wo-lower-back-10.webp', NULL, 600, 'beginner', '["коврик"]', '["грыжа в острой фазе"]', 'step_by_step', 'published', '2026-07-14T00:00:00.000Z', '2026-07-14T00:00:00.000Z', '2026-07-14T00:00:00.000Z'),
('wo-legs-stretch-18', NULL, 'flowly', 'public', 'Растяжка ног', 'Вытяжение ног, шпагат стоя и боковые линии.', 'catalog/covers/wo-legs-stretch-18.webp', NULL, 1080, 'beginner', '["коврик"]', '["травмы задней поверхности бедра"]', 'step_by_step', 'published', '2026-07-14T00:00:00.000Z', '2026-07-14T00:00:00.000Z', '2026-07-14T00:00:00.000Z'),
('wo-strength-flow-30', NULL, 'flowly', 'public', 'Силовой flow', 'Стул, воин, боковая планка и балансы.', 'catalog/covers/wo-strength-flow-30.webp', NULL, 1800, 'intermediate', '["коврик"]', '["травмы запястий","острая боль"]', 'step_by_step', 'published', '2026-07-14T00:00:00.000Z', '2026-07-14T00:00:00.000Z', '2026-07-14T00:00:00.000Z'),
('wo-restorative-25', NULL, 'flowly', 'public', 'Восстановление', 'Спокойные позы для сброса напряжения.', 'catalog/covers/wo-restorative-25.webp', NULL, 1500, 'beginner', '["коврик"]', '["острая боль"]', 'step_by_step', 'published', '2026-07-14T00:00:00.000Z', '2026-07-14T00:00:00.000Z', '2026-07-14T00:00:00.000Z'),
('wo-mobility-full-22', NULL, 'flowly', 'public', 'Мобильность всего тела', 'Вытяжения, скрутки и выпады.', 'catalog/covers/wo-mobility-full-22.webp', NULL, 1320, 'beginner', '["коврик"]', '["острая боль"]', 'step_by_step', 'published', '2026-07-14T00:00:00.000Z', '2026-07-14T00:00:00.000Z', '2026-07-14T00:00:00.000Z'),
('wo-posture-16', NULL, 'flowly', 'public', 'Осанка', 'Гора, приветствие вверх и раскрытие груди.', 'catalog/covers/wo-posture-16.webp', NULL, 960, 'beginner', '[]', '["острая боль в шее"]', 'step_by_step', 'published', '2026-07-14T00:00:00.000Z', '2026-07-14T00:00:00.000Z', '2026-07-14T00:00:00.000Z'),
('wo-evening-sleep-12', NULL, 'flowly', 'public', 'Перед сном', 'Короткая вечерняя серия для сна.', 'catalog/covers/wo-evening-sleep-12.webp', NULL, 720, 'beginner', '["коврик"]', '["острая боль"]', 'step_by_step', 'published', '2026-07-14T00:00:00.000Z', '2026-07-14T00:00:00.000Z', '2026-07-14T00:00:00.000Z'),
('wo-balance-flow-20', NULL, 'flowly', 'public', 'Баланс flow', 'Дерево, танцор и стоячие балансы.', 'catalog/covers/wo-balance-flow-20.webp', NULL, 1200, 'intermediate', '[]', '["головокружение"]', 'step_by_step', 'published', '2026-07-14T00:00:00.000Z', '2026-07-14T00:00:00.000Z', '2026-07-14T00:00:00.000Z'),
('wo-wrists-safe-13', NULL, 'flowly', 'public', 'Без нагрузки на запястья', 'Стоячие и лежачие позы без упора на ладони.', 'catalog/covers/wo-wrists-safe-13.webp', NULL, 780, 'beginner', '["коврик"]', '["острая боль"]', 'step_by_step', 'published', '2026-07-14T00:00:00.000Z', '2026-07-14T00:00:00.000Z', '2026-07-14T00:00:00.000Z'),
('wo-deep-stretch-35', NULL, 'flowly', 'public', 'Глубокая растяжка', 'Длинная серия на таз, ноги и скрутки.', 'catalog/covers/wo-deep-stretch-35.webp', NULL, 2100, 'intermediate', '["коврик"]', '["травмы тазобедренных"]', 'step_by_step', 'published', '2026-07-14T00:00:00.000Z', '2026-07-14T00:00:00.000Z', '2026-07-14T00:00:00.000Z'),
('wo-twists-15', NULL, 'flowly', 'public', 'Скручивания 15 минут', 'Сидячие и лежачие скрутки.', 'catalog/covers/wo-twists-15.webp', NULL, 900, 'beginner', '["коврик"]', '["острая боль в спине"]', 'step_by_step', 'published', '2026-07-14T00:00:00.000Z', '2026-07-14T00:00:00.000Z', '2026-07-14T00:00:00.000Z'),
('wo-standing-18', NULL, 'flowly', 'public', 'Стоячая практика', 'Гора, воин, треугольник, дерево.', 'catalog/covers/wo-standing-18.webp', NULL, 1080, 'beginner', '[]', '["головокружение"]', 'step_by_step', 'published', '2026-07-14T00:00:00.000Z', '2026-07-14T00:00:00.000Z', '2026-07-14T00:00:00.000Z'),
('wo-sun-a-18', NULL, 'flowly', 'public', 'Приветствие солнцу', 'Стоячий разогрев: гора, руки вверх, выпады и воин.', 'catalog/covers/wo-sun-a-18.webp', NULL, 1080, 'intermediate', '["коврик"]', '["травмы запястий","высокое давление без консультации"]', 'step_by_step', 'published', '2026-07-14T00:00:00.000Z', '2026-07-14T00:00:00.000Z', '2026-07-14T00:00:00.000Z'),
('wo-yt-malova-morning-10', NULL, 'youtube', 'public', 'YouTube: утренняя разминка 10 минут', 'Видео-практика Елены Маловой для мягкого старта дня.', NULL, 'BU2iL0mz858', 594, 'beginner', '[]', '["острая боль"]', 'video', 'published', '2026-07-14T00:00:00.000Z', '2026-07-14T00:00:00.000Z', '2026-07-14T00:00:00.000Z'),
('wo-yt-malova-vinyasa-24', NULL, 'youtube', 'public', 'YouTube: виньяса для начинающих', '24-минутная видео-практика Елены Маловой для знакомства с виньясой.', NULL, 'o29nP-jH3eA', 1479, 'beginner', '["коврик"]', '["острая боль","высокое давление без консультации врача"]', 'video', 'published', '2026-07-14T00:00:00.000Z', '2026-07-14T00:00:00.000Z', '2026-07-14T00:00:00.000Z'),
('wo-yt-adriene-stress-7', NULL, 'youtube', 'public', 'YouTube: stress relief yoga', 'Короткая YouTube-практика Yoga With Adriene для расслабления и дыхания.', NULL, 'qiKJRoX_2uo', 420, 'beginner', '[]', '["острая боль"]', 'video', 'published', '2026-07-14T00:00:00.000Z', '2026-07-14T00:00:00.000Z', '2026-07-14T00:00:00.000Z')
ON CONFLICT(id) DO UPDATE SET source_type=excluded.source_type, visibility=excluded.visibility, title=excluded.title, description=excluded.description, cover_object_key=excluded.cover_object_key, youtube_video_id=excluded.youtube_video_id, duration_seconds=excluded.duration_seconds, difficulty=excluded.difficulty, equipment=excluded.equipment, contraindications=excluded.contraindications, format=excluded.format, status=excluded.status, updated_at=excluded.updated_at, published_at=excluded.published_at;

DELETE FROM workout_category_links WHERE workout_id IN ('wo-morning-10', 'wo-back-soft-15', 'wo-stretch-evening-20', 'wo-core-12', 'wo-hips-25', 'wo-balance-basic-15', 'wo-shoulders-14', 'wo-energy-20', 'wo-lower-back-10', 'wo-legs-stretch-18', 'wo-strength-flow-30', 'wo-restorative-25', 'wo-mobility-full-22', 'wo-posture-16', 'wo-evening-sleep-12', 'wo-balance-flow-20', 'wo-wrists-safe-13', 'wo-deep-stretch-35', 'wo-twists-15', 'wo-standing-18', 'wo-sun-a-18', 'wo-yt-malova-morning-10', 'wo-yt-malova-vinyasa-24', 'wo-yt-adriene-stress-7');
INSERT INTO workout_category_links (workout_id, category_id) VALUES
('wo-morning-10', 'cat-morning'),
('wo-morning-10', 'cat-mobility'),
('wo-back-soft-15', 'cat-back'),
('wo-back-soft-15', 'cat-relax'),
('wo-stretch-evening-20', 'cat-evening'),
('wo-stretch-evening-20', 'cat-stretch'),
('wo-stretch-evening-20', 'cat-relax'),
('wo-core-12', 'cat-core'),
('wo-core-12', 'cat-strength'),
('wo-hips-25', 'cat-mobility'),
('wo-hips-25', 'cat-stretch'),
('wo-balance-basic-15', 'cat-balance'),
('wo-balance-basic-15', 'cat-mobility'),
('wo-shoulders-14', 'cat-back'),
('wo-shoulders-14', 'cat-mobility'),
('wo-shoulders-14', 'cat-relax'),
('wo-energy-20', 'cat-morning'),
('wo-energy-20', 'cat-strength'),
('wo-energy-20', 'cat-mobility'),
('wo-lower-back-10', 'cat-back'),
('wo-lower-back-10', 'cat-relax'),
('wo-legs-stretch-18', 'cat-stretch'),
('wo-legs-stretch-18', 'cat-mobility'),
('wo-strength-flow-30', 'cat-strength'),
('wo-strength-flow-30', 'cat-core'),
('wo-restorative-25', 'cat-relax'),
('wo-restorative-25', 'cat-evening'),
('wo-mobility-full-22', 'cat-mobility'),
('wo-mobility-full-22', 'cat-stretch'),
('wo-posture-16', 'cat-back'),
('wo-posture-16', 'cat-morning'),
('wo-evening-sleep-12', 'cat-evening'),
('wo-evening-sleep-12', 'cat-relax'),
('wo-balance-flow-20', 'cat-balance'),
('wo-balance-flow-20', 'cat-strength'),
('wo-wrists-safe-13', 'cat-mobility'),
('wo-wrists-safe-13', 'cat-relax'),
('wo-deep-stretch-35', 'cat-stretch'),
('wo-deep-stretch-35', 'cat-mobility'),
('wo-twists-15', 'cat-back'),
('wo-twists-15', 'cat-mobility'),
('wo-standing-18', 'cat-morning'),
('wo-standing-18', 'cat-strength'),
('wo-standing-18', 'cat-balance'),
('wo-sun-a-18', 'cat-morning'),
('wo-sun-a-18', 'cat-strength'),
('wo-yt-malova-morning-10', 'cat-morning'),
('wo-yt-malova-morning-10', 'cat-mobility'),
('wo-yt-malova-vinyasa-24', 'cat-mobility'),
('wo-yt-malova-vinyasa-24', 'cat-strength'),
('wo-yt-malova-vinyasa-24', 'cat-stretch'),
('wo-yt-adriene-stress-7', 'cat-relax'),
('wo-yt-adriene-stress-7', 'cat-breath');

DELETE FROM workout_exercises WHERE workout_id IN ('wo-morning-10', 'wo-back-soft-15', 'wo-stretch-evening-20', 'wo-core-12', 'wo-hips-25', 'wo-balance-basic-15', 'wo-shoulders-14', 'wo-energy-20', 'wo-lower-back-10', 'wo-legs-stretch-18', 'wo-strength-flow-30', 'wo-restorative-25', 'wo-mobility-full-22', 'wo-posture-16', 'wo-evening-sleep-12', 'wo-balance-flow-20', 'wo-wrists-safe-13', 'wo-deep-stretch-35', 'wo-twists-15', 'wo-standing-18', 'wo-sun-a-18', 'wo-yt-malova-morning-10', 'wo-yt-malova-vinyasa-24', 'wo-yt-adriene-stress-7');
INSERT INTO workout_exercises (workout_id, exercise_id, position, sets_count, repetitions, duration_seconds, rest_seconds, custom_instruction) VALUES
('wo-morning-10', 'ex-mountain-pose', 1, NULL, NULL, 45, 10, NULL),
('wo-morning-10', 'ex-upward-salute', 2, NULL, NULL, 45, 10, NULL),
('wo-morning-10', 'ex-chair-pose', 3, NULL, NULL, 45, 10, NULL),
('wo-morning-10', 'ex-crescent-lunge', 4, NULL, NULL, 45, 10, NULL),
('wo-morning-10', 'ex-warrior-pose', 5, NULL, NULL, 45, 10, NULL),
('wo-morning-10', 'ex-tree-pose', 6, NULL, NULL, 45, NULL, NULL),
('wo-back-soft-15', 'ex-puppy-pose', 1, NULL, NULL, 45, 10, NULL),
('wo-back-soft-15', 'ex-cobra-pose', 2, NULL, NULL, 45, 10, NULL),
('wo-back-soft-15', 'ex-supported-bridge', 3, NULL, NULL, 45, 10, NULL),
('wo-back-soft-15', 'ex-spinal-twist', 4, NULL, NULL, 45, 10, NULL),
('wo-back-soft-15', 'ex-reclined-twist', 5, NULL, NULL, 45, 10, NULL),
('wo-back-soft-15', 'ex-legs-up', 6, NULL, NULL, 45, NULL, NULL),
('wo-stretch-evening-20', 'ex-pigeon-pose', 1, NULL, NULL, 45, 10, NULL),
('wo-stretch-evening-20', 'ex-supine-figure', 2, NULL, NULL, 45, 10, NULL),
('wo-stretch-evening-20', 'ex-leg-extended', 3, NULL, NULL, 45, 10, NULL),
('wo-stretch-evening-20', 'ex-side-stretch', 4, NULL, NULL, 45, 10, NULL),
('wo-stretch-evening-20', 'ex-reclined-twist', 5, NULL, NULL, 45, 10, NULL),
('wo-stretch-evening-20', 'ex-legs-up', 6, NULL, NULL, 45, NULL, NULL),
('wo-core-12', 'ex-boat-pose', 1, NULL, NULL, 45, 10, NULL),
('wo-core-12', 'ex-navasana', 2, NULL, NULL, 45, 10, NULL),
('wo-core-12', 'ex-side-plank', 3, NULL, NULL, 45, 10, NULL),
('wo-core-12', 'ex-staff-pose', 4, NULL, NULL, 45, 10, NULL),
('wo-core-12', 'ex-mountain-pose', 5, NULL, NULL, 45, NULL, NULL),
('wo-hips-25', 'ex-crescent-lunge', 1, NULL, NULL, 45, 10, NULL),
('wo-hips-25', 'ex-lunging-forward', 2, NULL, NULL, 45, 10, NULL),
('wo-hips-25', 'ex-pigeon-pose', 3, NULL, NULL, 45, 10, NULL),
('wo-hips-25', 'ex-twisted-monkey', 4, NULL, NULL, 45, 10, NULL),
('wo-hips-25', 'ex-supine-figure', 5, NULL, NULL, 45, 10, NULL),
('wo-hips-25', 'ex-legs-up', 6, NULL, NULL, 45, NULL, NULL),
('wo-balance-basic-15', 'ex-mountain-pose', 1, NULL, NULL, 45, 10, NULL),
('wo-balance-basic-15', 'ex-tree-pose', 2, NULL, NULL, 45, 10, NULL),
('wo-balance-basic-15', 'ex-vrikshasana', 3, NULL, NULL, 45, 10, NULL),
('wo-balance-basic-15', 'ex-warrior-pose', 4, NULL, NULL, 45, 10, NULL),
('wo-balance-basic-15', 'ex-standing-balancing', 5, NULL, NULL, 45, 10, NULL),
('wo-balance-basic-15', 'ex-one-legged', 6, NULL, NULL, 45, NULL, NULL),
('wo-shoulders-14', 'ex-puppy-pose', 1, NULL, NULL, 45, 10, NULL),
('wo-shoulders-14', 'ex-cobra-pose', 2, NULL, NULL, 45, 10, NULL),
('wo-shoulders-14', 'ex-ardha-chakrasana', 3, NULL, NULL, 45, 10, NULL),
('wo-shoulders-14', 'ex-half-twist', 4, NULL, NULL, 45, 10, NULL),
('wo-shoulders-14', 'ex-spinal-twist', 5, NULL, NULL, 45, 10, NULL),
('wo-shoulders-14', 'ex-anjali-mudra', 6, NULL, NULL, 45, NULL, NULL),
('wo-energy-20', 'ex-mountain-pose', 1, NULL, NULL, 45, 10, NULL),
('wo-energy-20', 'ex-upward-salute', 2, NULL, NULL, 45, 10, NULL),
('wo-energy-20', 'ex-chair-pose', 3, NULL, NULL, 45, 10, NULL),
('wo-energy-20', 'ex-crescent-lunge', 4, NULL, NULL, 45, 10, NULL),
('wo-energy-20', 'ex-warrior-pose', 5, NULL, NULL, 45, 10, NULL),
('wo-energy-20', 'ex-extended-triangle', 6, NULL, NULL, 45, 10, NULL),
('wo-energy-20', 'ex-tree-pose', 7, NULL, NULL, 45, NULL, NULL),
('wo-lower-back-10', 'ex-supported-bridge', 1, NULL, NULL, 45, 10, NULL),
('wo-lower-back-10', 'ex-reclined-twist', 2, NULL, NULL, 45, 10, NULL),
('wo-lower-back-10', 'ex-supine-figure', 3, NULL, NULL, 45, 10, NULL),
('wo-lower-back-10', 'ex-legs-up', 4, NULL, NULL, 45, 10, NULL),
('wo-lower-back-10', 'ex-reclines-staff', 5, NULL, NULL, 45, NULL, NULL),
('wo-legs-stretch-18', 'ex-leg-extended', 1, NULL, NULL, 45, 10, NULL),
('wo-legs-stretch-18', 'ex-standing-split', 2, NULL, NULL, 45, 10, NULL),
('wo-legs-stretch-18', 'ex-urdhva-prasarita', 3, NULL, NULL, 45, 10, NULL),
('wo-legs-stretch-18', 'ex-side-stretch', 4, NULL, NULL, 45, 10, NULL),
('wo-legs-stretch-18', 'ex-stretching-sideway', 5, NULL, NULL, 45, NULL, NULL),
('wo-strength-flow-30', 'ex-chair-pose', 1, NULL, NULL, 45, 10, NULL),
('wo-strength-flow-30', 'ex-warrior-pose', 2, NULL, NULL, 45, 10, NULL),
('wo-strength-flow-30', 'ex-crescent-lunge', 3, NULL, NULL, 45, 10, NULL),
('wo-strength-flow-30', 'ex-side-plank', 4, NULL, NULL, 45, 10, NULL),
('wo-strength-flow-30', 'ex-boat-pose', 5, NULL, NULL, 45, 10, NULL),
('wo-strength-flow-30', 'ex-tree-pose', 6, NULL, NULL, 45, 10, NULL),
('wo-strength-flow-30', 'ex-dancer-pose', 7, NULL, NULL, 45, 10, NULL),
('wo-strength-flow-30', 'ex-kakasana', 8, NULL, NULL, 45, NULL, NULL),
('wo-restorative-25', 'ex-legs-up', 1, NULL, NULL, 45, 10, NULL),
('wo-restorative-25', 'ex-supported-bridge', 2, NULL, NULL, 45, 10, NULL),
('wo-restorative-25', 'ex-reclined-twist', 3, NULL, NULL, 45, 10, NULL),
('wo-restorative-25', 'ex-puppy-pose', 4, NULL, NULL, 45, 10, NULL),
('wo-restorative-25', 'ex-anjali-mudra', 5, NULL, NULL, 45, NULL, NULL),
('wo-mobility-full-22', 'ex-mountain-pose', 1, NULL, NULL, 45, 10, NULL),
('wo-mobility-full-22', 'ex-side-stretch', 2, NULL, NULL, 45, 10, NULL),
('wo-mobility-full-22', 'ex-spinal-twist', 3, NULL, NULL, 45, 10, NULL),
('wo-mobility-full-22', 'ex-crescent-lunge', 4, NULL, NULL, 45, 10, NULL),
('wo-mobility-full-22', 'ex-extended-side', 5, NULL, NULL, 45, 10, NULL),
('wo-mobility-full-22', 'ex-pigeon-pose', 6, NULL, NULL, 45, NULL, NULL),
('wo-posture-16', 'ex-mountain-pose', 1, NULL, NULL, 45, 10, NULL),
('wo-posture-16', 'ex-upward-salute', 2, NULL, NULL, 45, 10, NULL),
('wo-posture-16', 'ex-ardha-chakrasana', 3, NULL, NULL, 45, 10, NULL),
('wo-posture-16', 'ex-cobra-pose', 4, NULL, NULL, 45, 10, NULL),
('wo-posture-16', 'ex-staff-pose', 5, NULL, NULL, 45, 10, NULL),
('wo-posture-16', 'ex-anjali-mudra', 6, NULL, NULL, 45, NULL, NULL),
('wo-evening-sleep-12', 'ex-supine-figure', 1, NULL, NULL, 45, 10, NULL),
('wo-evening-sleep-12', 'ex-reclined-twist', 2, NULL, NULL, 45, 10, NULL),
('wo-evening-sleep-12', 'ex-legs-up', 3, NULL, NULL, 45, 10, NULL),
('wo-evening-sleep-12', 'ex-supported-bridge', 4, NULL, NULL, 45, 10, NULL),
('wo-evening-sleep-12', 'ex-anjali-mudra', 5, NULL, NULL, 45, NULL, NULL),
('wo-balance-flow-20', 'ex-mountain-pose', 1, NULL, NULL, 45, 10, NULL),
('wo-balance-flow-20', 'ex-tree-pose', 2, NULL, NULL, 45, 10, NULL),
('wo-balance-flow-20', 'ex-vrikshasana', 3, NULL, NULL, 45, 10, NULL),
('wo-balance-flow-20', 'ex-dancer-pose', 4, NULL, NULL, 45, 10, NULL),
('wo-balance-flow-20', 'ex-natarajasana', 5, NULL, NULL, 45, 10, NULL),
('wo-balance-flow-20', 'ex-standing-balancing', 6, NULL, NULL, 45, NULL, NULL),
('wo-wrists-safe-13', 'ex-mountain-pose', 1, NULL, NULL, 45, 10, NULL),
('wo-wrists-safe-13', 'ex-chair-pose', 2, NULL, NULL, 45, 10, NULL),
('wo-wrists-safe-13', 'ex-tree-pose', 3, NULL, NULL, 45, 10, NULL),
('wo-wrists-safe-13', 'ex-side-stretch', 4, NULL, NULL, 45, 10, NULL),
('wo-wrists-safe-13', 'ex-legs-up', 5, NULL, NULL, 45, NULL, NULL),
('wo-deep-stretch-35', 'ex-crescent-lunge', 1, NULL, NULL, 45, 10, NULL),
('wo-deep-stretch-35', 'ex-pigeon-pose', 2, NULL, NULL, 45, 10, NULL),
('wo-deep-stretch-35', 'ex-twisted-monkey', 3, NULL, NULL, 45, 10, NULL),
('wo-deep-stretch-35', 'ex-standing-split', 4, NULL, NULL, 45, 10, NULL),
('wo-deep-stretch-35', 'ex-leg-extended', 5, NULL, NULL, 45, 10, NULL),
('wo-deep-stretch-35', 'ex-spinal-twist', 6, NULL, NULL, 45, 10, NULL),
('wo-deep-stretch-35', 'ex-legs-up', 7, NULL, NULL, 45, NULL, NULL),
('wo-twists-15', 'ex-half-twist', 1, NULL, NULL, 45, 10, NULL),
('wo-twists-15', 'ex-sage-twist', 2, NULL, NULL, 45, 10, NULL),
('wo-twists-15', 'ex-spinal-twist', 3, NULL, NULL, 45, 10, NULL),
('wo-twists-15', 'ex-reclined-twist', 4, NULL, NULL, 45, 10, NULL),
('wo-twists-15', 'ex-supine-eagle', 5, NULL, NULL, 45, NULL, NULL),
('wo-standing-18', 'ex-mountain-pose', 1, NULL, NULL, 45, 10, NULL),
('wo-standing-18', 'ex-upward-salute', 2, NULL, NULL, 45, 10, NULL),
('wo-standing-18', 'ex-warrior-pose', 3, NULL, NULL, 45, 10, NULL),
('wo-standing-18', 'ex-extended-triangle', 4, NULL, NULL, 45, 10, NULL),
('wo-standing-18', 'ex-moon-pose', 5, NULL, NULL, 45, 10, NULL),
('wo-standing-18', 'ex-tree-pose', 6, NULL, NULL, 45, NULL, NULL),
('wo-sun-a-18', 'ex-mountain-pose', 1, NULL, NULL, 45, 10, NULL),
('wo-sun-a-18', 'ex-upward-salute', 2, NULL, NULL, 45, 10, NULL),
('wo-sun-a-18', 'ex-crescent-lunge', 3, NULL, NULL, 45, 10, NULL),
('wo-sun-a-18', 'ex-warrior-pose', 4, NULL, NULL, 45, 10, NULL),
('wo-sun-a-18', 'ex-chair-pose', 5, NULL, NULL, 45, 10, NULL),
('wo-sun-a-18', 'ex-cobra-pose', 6, NULL, NULL, 45, 10, NULL),
('wo-sun-a-18', 'ex-tree-pose', 7, NULL, NULL, 45, NULL, NULL);

DELETE FROM workout_exercises WHERE exercise_id LIKE 'ex-%' AND exercise_id NOT IN ('ex-anjali-mudra', 'ex-ardha-chakrasana', 'ex-boat-pose', 'ex-chair-pose', 'ex-cobra-pose', 'ex-crescent-lunge', 'ex-crescent-lunge-2', 'ex-dancer-pose', 'ex-digasana', 'ex-exercise-pose', 'ex-extended-side', 'ex-extended-triangle', 'ex-glyph', 'ex-gymnastic-pose', 'ex-half-twist', 'ex-kakasana', 'ex-koundinyasana', 'ex-leg-extended', 'ex-legs-up', 'ex-lunging-forward', 'ex-moon-pose', 'ex-mountain-pose', 'ex-natarajasana', 'ex-navasana', 'ex-one-legged', 'ex-pigeon-pose', 'ex-puppy-pose', 'ex-reclined-twist', 'ex-reclines-staff', 'ex-sage-twist', 'ex-side-plank', 'ex-side-stretch', 'ex-spinal-twist', 'ex-staff-pose', 'ex-standing-balancing', 'ex-standing-split', 'ex-stretching-sideway', 'ex-supine-eagle', 'ex-supine-figure', 'ex-supported-bridge', 'ex-tree-pose', 'ex-twisted-monkey', 'ex-upward-salute', 'ex-urdhva-prasarita', 'ex-vrikshasana', 'ex-warrior-pose');
DELETE FROM exercises WHERE id LIKE 'ex-%' AND id NOT IN ('ex-anjali-mudra', 'ex-ardha-chakrasana', 'ex-boat-pose', 'ex-chair-pose', 'ex-cobra-pose', 'ex-crescent-lunge', 'ex-crescent-lunge-2', 'ex-dancer-pose', 'ex-digasana', 'ex-exercise-pose', 'ex-extended-side', 'ex-extended-triangle', 'ex-glyph', 'ex-gymnastic-pose', 'ex-half-twist', 'ex-kakasana', 'ex-koundinyasana', 'ex-leg-extended', 'ex-legs-up', 'ex-lunging-forward', 'ex-moon-pose', 'ex-mountain-pose', 'ex-natarajasana', 'ex-navasana', 'ex-one-legged', 'ex-pigeon-pose', 'ex-puppy-pose', 'ex-reclined-twist', 'ex-reclines-staff', 'ex-sage-twist', 'ex-side-plank', 'ex-side-stretch', 'ex-spinal-twist', 'ex-staff-pose', 'ex-standing-balancing', 'ex-standing-split', 'ex-stretching-sideway', 'ex-supine-eagle', 'ex-supine-figure', 'ex-supported-bridge', 'ex-tree-pose', 'ex-twisted-monkey', 'ex-upward-salute', 'ex-urdhva-prasarita', 'ex-vrikshasana', 'ex-warrior-pose');
COMMIT;