-- E2-D2-T01 starter catalog seed. Generated from seeds/catalog/starter-catalog.v1.json.
-- LOCAL D1 ONLY. Do not edit by hand; run `npm run catalog:build-seed`.
PRAGMA foreign_keys=ON;
BEGIN TRANSACTION;

INSERT INTO workout_categories (id, slug, name, icon, sort_order, is_active) VALUES
('cat-morning', 'morning', 'Утро', 'sunrise', 10, 1),
('cat-back', 'back', 'Спина', 'spine', 20, 1),
('cat-stretch', 'stretch', 'Растяжка', 'move', 30, 1),
('cat-strength', 'strength', 'Сила', 'dumbbell', 40, 1),
('cat-relax', 'relax', 'Расслабление', 'leaf', 50, 1),
('cat-mobility', 'mobility', 'Мобильность', 'rotate-3d', 60, 1),
('cat-balance', 'balance', 'Баланс', 'scale', 70, 1),
('cat-core', 'core', 'Кор', 'circle-dot', 80, 1),
('cat-evening', 'evening', 'Вечер', 'moon', 90, 1),
('cat-breath', 'breath', 'Дыхание', 'wind', 100, 1)
ON CONFLICT(id) DO UPDATE SET slug=excluded.slug, name=excluded.name, icon=excluded.icon, sort_order=excluded.sort_order, is_active=excluded.is_active;

INSERT INTO exercises (id, owner_id, title, description, media_object_key, media_type, default_duration_seconds, default_repetitions, created_at, updated_at) VALUES
('ex-mountain', NULL, 'Поза горы', 'Выравнивание стоп, таза и плеч перед практикой.', 'catalog/exercises/ex-mountain.webp', 'image', 60, NULL, '2026-07-14T00:00:00.000Z', '2026-07-14T00:00:00.000Z'),
('ex-neck-rolls', NULL, 'Мягкие круги шеей', 'Медленные полукруги без запрокидывания головы.', 'catalog/exercises/ex-neck-rolls.webp', 'gif', 60, NULL, '2026-07-14T00:00:00.000Z', '2026-07-14T00:00:00.000Z'),
('ex-shoulder-rolls', NULL, 'Круги плечами', 'Разогрев плеч и грудного отдела.', 'catalog/exercises/ex-shoulder-rolls.webp', 'gif', 60, NULL, '2026-07-14T00:00:00.000Z', '2026-07-14T00:00:00.000Z'),
('ex-cat-cow', NULL, 'Кошка-корова', 'Мобилизация позвоночника в комфортном темпе.', 'catalog/exercises/ex-cat-cow.webp', 'gif', 90, NULL, '2026-07-14T00:00:00.000Z', '2026-07-14T00:00:00.000Z'),
('ex-child', NULL, 'Поза ребёнка', 'Восстановление дыхания и разгрузка поясницы.', 'catalog/exercises/ex-child.webp', 'image', 90, NULL, '2026-07-14T00:00:00.000Z', '2026-07-14T00:00:00.000Z'),
('ex-down-dog', NULL, 'Собака мордой вниз', 'Удлинение задней поверхности тела и плеч.', 'catalog/exercises/ex-down-dog.webp', 'image', 90, NULL, '2026-07-14T00:00:00.000Z', '2026-07-14T00:00:00.000Z'),
('ex-low-lunge', NULL, 'Низкий выпад', 'Мягкое раскрытие сгибателей бедра.', 'catalog/exercises/ex-low-lunge.webp', 'image', 90, NULL, '2026-07-14T00:00:00.000Z', '2026-07-14T00:00:00.000Z'),
('ex-half-split', NULL, 'Полушпагат', 'Растяжение задней поверхности бедра без рывков.', 'catalog/exercises/ex-half-split.webp', 'image', 90, NULL, '2026-07-14T00:00:00.000Z', '2026-07-14T00:00:00.000Z'),
('ex-forward-fold', NULL, 'Наклон вперёд', 'Спокойное вытяжение спины и ног.', 'catalog/exercises/ex-forward-fold.webp', 'image', 90, NULL, '2026-07-14T00:00:00.000Z', '2026-07-14T00:00:00.000Z'),
('ex-sun-a', NULL, 'Приветствие солнцу A', 'Классическая связка для разогрева всего тела.', 'catalog/exercises/ex-sun-a.webp', 'gif', 180, NULL, '2026-07-14T00:00:00.000Z', '2026-07-14T00:00:00.000Z'),
('ex-warrior-one', NULL, 'Воин I', 'Стабильная стойка с раскрытием грудной клетки.', 'catalog/exercises/ex-warrior-one.webp', 'image', 75, NULL, '2026-07-14T00:00:00.000Z', '2026-07-14T00:00:00.000Z'),
('ex-warrior-two', NULL, 'Воин II', 'Сила ног, раскрытие таза и устойчивость.', 'catalog/exercises/ex-warrior-two.webp', 'image', 75, NULL, '2026-07-14T00:00:00.000Z', '2026-07-14T00:00:00.000Z'),
('ex-triangle', NULL, 'Треугольник', 'Боковое вытяжение и работа с опорой.', 'catalog/exercises/ex-triangle.webp', 'image', 90, NULL, '2026-07-14T00:00:00.000Z', '2026-07-14T00:00:00.000Z'),
('ex-side-angle', NULL, 'Боковой угол', 'Укрепление ног и вытяжение боковой линии.', 'catalog/exercises/ex-side-angle.webp', 'image', 90, NULL, '2026-07-14T00:00:00.000Z', '2026-07-14T00:00:00.000Z'),
('ex-tree', NULL, 'Дерево', 'Баланс с мягким фокусом взгляда.', 'catalog/exercises/ex-tree.webp', 'image', 90, NULL, '2026-07-14T00:00:00.000Z', '2026-07-14T00:00:00.000Z'),
('ex-chair', NULL, 'Стул', 'Силовая работа ног и кора.', 'catalog/exercises/ex-chair.webp', 'image', 75, NULL, '2026-07-14T00:00:00.000Z', '2026-07-14T00:00:00.000Z'),
('ex-plank', NULL, 'Планка', 'Стабилизация корпуса и плечевого пояса.', 'catalog/exercises/ex-plank.webp', 'image', 45, NULL, '2026-07-14T00:00:00.000Z', '2026-07-14T00:00:00.000Z'),
('ex-side-plank', NULL, 'Боковая планка', 'Боковая линия корпуса и плечо.', 'catalog/exercises/ex-side-plank.webp', 'image', 45, NULL, '2026-07-14T00:00:00.000Z', '2026-07-14T00:00:00.000Z'),
('ex-boat', NULL, 'Лодка', 'Контроль кора без зажима шеи.', 'catalog/exercises/ex-boat.webp', 'image', 60, NULL, '2026-07-14T00:00:00.000Z', '2026-07-14T00:00:00.000Z'),
('ex-bridge', NULL, 'Мост', 'Мягкое раскрытие передней линии и ягодицы.', 'catalog/exercises/ex-bridge.webp', 'image', 90, NULL, '2026-07-14T00:00:00.000Z', '2026-07-14T00:00:00.000Z'),
('ex-sphinx', NULL, 'Сфинкс', 'Нежное разгибание грудного отдела.', 'catalog/exercises/ex-sphinx.webp', 'image', 90, NULL, '2026-07-14T00:00:00.000Z', '2026-07-14T00:00:00.000Z'),
('ex-cobra', NULL, 'Кобра', 'Активное разгибание с контролем поясницы.', 'catalog/exercises/ex-cobra.webp', 'image', 60, NULL, '2026-07-14T00:00:00.000Z', '2026-07-14T00:00:00.000Z'),
('ex-locust', NULL, 'Саранча', 'Укрепление задней линии тела.', 'catalog/exercises/ex-locust.webp', 'image', 60, NULL, '2026-07-14T00:00:00.000Z', '2026-07-14T00:00:00.000Z'),
('ex-thread-needle', NULL, 'Нить в иголку', 'Скручивание грудного отдела и плечи.', 'catalog/exercises/ex-thread-needle.webp', 'gif', 90, NULL, '2026-07-14T00:00:00.000Z', '2026-07-14T00:00:00.000Z'),
('ex-puppy', NULL, 'Поза щенка', 'Раскрытие плеч и вытяжение грудного отдела.', 'catalog/exercises/ex-puppy.webp', 'image', 90, NULL, '2026-07-14T00:00:00.000Z', '2026-07-14T00:00:00.000Z'),
('ex-pigeon', NULL, 'Голубь', 'Глубокая работа с ягодичными мышцами.', 'catalog/exercises/ex-pigeon.webp', 'image', 120, NULL, '2026-07-14T00:00:00.000Z', '2026-07-14T00:00:00.000Z'),
('ex-lizard', NULL, 'Ящерица', 'Мобильность таза и внутренняя линия бедра.', 'catalog/exercises/ex-lizard.webp', 'image', 120, NULL, '2026-07-14T00:00:00.000Z', '2026-07-14T00:00:00.000Z'),
('ex-butterfly', NULL, 'Бабочка', 'Мягкое раскрытие бёдер сидя.', 'catalog/exercises/ex-butterfly.webp', 'image', 120, NULL, '2026-07-14T00:00:00.000Z', '2026-07-14T00:00:00.000Z'),
('ex-seated-fold', NULL, 'Складка сидя', 'Вытяжение задней поверхности тела.', 'catalog/exercises/ex-seated-fold.webp', 'image', 120, NULL, '2026-07-14T00:00:00.000Z', '2026-07-14T00:00:00.000Z'),
('ex-seated-twist', NULL, 'Скручивание сидя', 'Спокойная ротация позвоночника.', 'catalog/exercises/ex-seated-twist.webp', 'image', 90, NULL, '2026-07-14T00:00:00.000Z', '2026-07-14T00:00:00.000Z'),
('ex-supine-twist', NULL, 'Скручивание лёжа', 'Расслабление спины и таза.', 'catalog/exercises/ex-supine-twist.webp', 'image', 120, NULL, '2026-07-14T00:00:00.000Z', '2026-07-14T00:00:00.000Z'),
('ex-happy-baby', NULL, 'Счастливый ребёнок', 'Разгрузка поясницы и тазобедренных.', 'catalog/exercises/ex-happy-baby.webp', 'image', 90, NULL, '2026-07-14T00:00:00.000Z', '2026-07-14T00:00:00.000Z'),
('ex-legs-wall', NULL, 'Ноги у стены', 'Восстановительная поза для вечера.', 'catalog/exercises/ex-legs-wall.webp', 'image', 180, NULL, '2026-07-14T00:00:00.000Z', '2026-07-14T00:00:00.000Z'),
('ex-savasana', NULL, 'Шавасана', 'Финальное расслабление.', 'catalog/exercises/ex-savasana.webp', 'image', 180, NULL, '2026-07-14T00:00:00.000Z', '2026-07-14T00:00:00.000Z'),
('ex-box-breath', NULL, 'Квадратное дыхание', 'Ровный счёт вдоха, паузы, выдоха и паузы.', 'catalog/exercises/ex-box-breath.webp', 'image', 180, NULL, '2026-07-14T00:00:00.000Z', '2026-07-14T00:00:00.000Z'),
('ex-long-exhale', NULL, 'Длинный выдох', 'Успокаивающее дыхание с удлинённым выдохом.', 'catalog/exercises/ex-long-exhale.webp', 'image', 180, NULL, '2026-07-14T00:00:00.000Z', '2026-07-14T00:00:00.000Z'),
('ex-crocodile', NULL, 'Крокодил', 'Отдых лёжа на животе с наблюдением дыхания.', 'catalog/exercises/ex-crocodile.webp', 'image', 120, NULL, '2026-07-14T00:00:00.000Z', '2026-07-14T00:00:00.000Z'),
('ex-wrist-warmup', NULL, 'Разминка запястий', 'Подготовка кистей к опорам.', 'catalog/exercises/ex-wrist-warmup.webp', 'gif', 90, NULL, '2026-07-14T00:00:00.000Z', '2026-07-14T00:00:00.000Z'),
('ex-ankle-mobility', NULL, 'Мобильность голеностопа', 'Круги стопами и мягкая работа с балансом.', 'catalog/exercises/ex-ankle-mobility.webp', 'gif', 90, NULL, '2026-07-14T00:00:00.000Z', '2026-07-14T00:00:00.000Z'),
('ex-hip-circles', NULL, 'Круги тазом', 'Разогрев таза стоя.', 'catalog/exercises/ex-hip-circles.webp', 'gif', 90, NULL, '2026-07-14T00:00:00.000Z', '2026-07-14T00:00:00.000Z'),
('ex-tabletop-balance', NULL, 'Баланс на четвереньках', 'Противоположная рука и нога, контроль корпуса.', 'catalog/exercises/ex-tabletop-balance.webp', 'image', 90, NULL, '2026-07-14T00:00:00.000Z', '2026-07-14T00:00:00.000Z'),
('ex-bird-dog', NULL, 'Bird dog', 'Стабилизация спины и кора.', 'catalog/exercises/ex-bird-dog.webp', 'gif', 90, NULL, '2026-07-14T00:00:00.000Z', '2026-07-14T00:00:00.000Z'),
('ex-dead-bug', NULL, 'Dead bug', 'Контроль корпуса лёжа.', 'catalog/exercises/ex-dead-bug.webp', 'gif', 90, NULL, '2026-07-14T00:00:00.000Z', '2026-07-14T00:00:00.000Z'),
('ex-knee-hugs', NULL, 'Колени к груди', 'Мягкая разгрузка поясницы.', 'catalog/exercises/ex-knee-hugs.webp', 'image', 90, NULL, '2026-07-14T00:00:00.000Z', '2026-07-14T00:00:00.000Z'),
('ex-reclined-hamstring', NULL, 'Растяжка задней поверхности лёжа', 'Работа с ремнём или полотенцем.', 'catalog/exercises/ex-reclined-hamstring.webp', 'image', 120, NULL, '2026-07-14T00:00:00.000Z', '2026-07-14T00:00:00.000Z'),
('ex-figure-four', NULL, 'Четвёрка лёжа', 'Ягодичные мышцы и тазобедренные.', 'catalog/exercises/ex-figure-four.webp', 'image', 120, NULL, '2026-07-14T00:00:00.000Z', '2026-07-14T00:00:00.000Z'),
('ex-calf-stretch', NULL, 'Растяжка икр', 'Вытяжение голени у стены или в выпаде.', 'catalog/exercises/ex-calf-stretch.webp', 'image', 90, NULL, '2026-07-14T00:00:00.000Z', '2026-07-14T00:00:00.000Z'),
('ex-eagle-arms', NULL, 'Руки орла', 'Плечи и верх спины без нагрузки на запястья.', 'catalog/exercises/ex-eagle-arms.webp', 'image', 90, NULL, '2026-07-14T00:00:00.000Z', '2026-07-14T00:00:00.000Z'),
('ex-garland', NULL, 'Гирлянда', 'Глубокий присед с поддержкой при необходимости.', 'catalog/exercises/ex-garland.webp', 'image', 90, NULL, '2026-07-14T00:00:00.000Z', '2026-07-14T00:00:00.000Z'),
('ex-wide-fold', NULL, 'Широкий наклон', 'Вытяжение ног и расслабление спины.', 'catalog/exercises/ex-wide-fold.webp', 'image', 120, NULL, '2026-07-14T00:00:00.000Z', '2026-07-14T00:00:00.000Z'),
('ex-half-moon', NULL, 'Полумесяц', 'Баланс и раскрытие боковой линии.', 'catalog/exercises/ex-half-moon.webp', 'image', 75, NULL, '2026-07-14T00:00:00.000Z', '2026-07-14T00:00:00.000Z'),
('ex-dancer-prep', NULL, 'Подготовка к танцору', 'Баланс с мягким раскрытием передней линии.', 'catalog/exercises/ex-dancer-prep.webp', 'image', 75, NULL, '2026-07-14T00:00:00.000Z', '2026-07-14T00:00:00.000Z'),
('ex-crescent', NULL, 'Высокий выпад', 'Сила ног и вытяжение корпуса.', 'catalog/exercises/ex-crescent.webp', 'image', 75, NULL, '2026-07-14T00:00:00.000Z', '2026-07-14T00:00:00.000Z'),
('ex-humble-warrior', NULL, 'Смиренный воин', 'Плечи, грудной отдел и устойчивость ног.', 'catalog/exercises/ex-humble-warrior.webp', 'image', 90, NULL, '2026-07-14T00:00:00.000Z', '2026-07-14T00:00:00.000Z'),
('ex-prasarita', NULL, 'Прасарита', 'Широкий наклон стоя с мягкой опорой.', 'catalog/exercises/ex-prasarita.webp', 'image', 120, NULL, '2026-07-14T00:00:00.000Z', '2026-07-14T00:00:00.000Z'),
('ex-forearm-plank', NULL, 'Планка на предплечьях', 'Кор и плечи с меньшей нагрузкой на запястья.', 'catalog/exercises/ex-forearm-plank.webp', 'image', 45, NULL, '2026-07-14T00:00:00.000Z', '2026-07-14T00:00:00.000Z'),
('ex-dolphin', NULL, 'Дельфин', 'Плечи и задняя линия в опоре на предплечьях.', 'catalog/exercises/ex-dolphin.webp', 'image', 75, NULL, '2026-07-14T00:00:00.000Z', '2026-07-14T00:00:00.000Z'),
('ex-rag-doll', NULL, 'Тряпичная кукла', 'Свободный наклон с расслаблением шеи.', 'catalog/exercises/ex-rag-doll.webp', 'gif', 90, NULL, '2026-07-14T00:00:00.000Z', '2026-07-14T00:00:00.000Z'),
('ex-side-bend', NULL, 'Боковое вытяжение сидя', 'Мягкое раскрытие рёбер и дыхания.', 'catalog/exercises/ex-side-bend.webp', 'image', 90, NULL, '2026-07-14T00:00:00.000Z', '2026-07-14T00:00:00.000Z'),
('ex-meditation-seat', NULL, 'Удобное сидение', 'Поза для спокойного дыхания и наблюдения.', 'catalog/exercises/ex-meditation-seat.webp', 'image', 180, NULL, '2026-07-14T00:00:00.000Z', '2026-07-14T00:00:00.000Z')
ON CONFLICT(id) DO UPDATE SET title=excluded.title, description=excluded.description, media_object_key=excluded.media_object_key, media_type=excluded.media_type, default_duration_seconds=excluded.default_duration_seconds, default_repetitions=excluded.default_repetitions, updated_at=excluded.updated_at;

INSERT INTO workouts (id, owner_id, source_type, visibility, title, description, cover_object_key, youtube_video_id, duration_seconds, difficulty, equipment, contraindications, format, status, created_at, updated_at, published_at) VALUES
('wo-morning-10', NULL, 'flowly', 'public', 'Утро за 10 минут', 'Короткий мягкий старт дня без интенсивной нагрузки.', 'catalog/covers/wo-morning-10.webp', NULL, 600, 'beginner', '[]', '["острая боль"]', 'step_by_step', 'published', '2026-07-14T00:00:00.000Z', '2026-07-14T00:00:00.000Z', '2026-07-14T00:00:00.000Z'),
('wo-back-soft-15', NULL, 'flowly', 'public', 'Мягкая спина', 'Спокойная практика для грудного отдела и поясницы.', 'catalog/covers/wo-back-soft-15.webp', NULL, 900, 'beginner', '["коврик"]', '["острая боль в спине"]', 'step_by_step', 'published', '2026-07-14T00:00:00.000Z', '2026-07-14T00:00:00.000Z', '2026-07-14T00:00:00.000Z'),
('wo-stretch-evening-20', NULL, 'flowly', 'public', 'Вечерняя растяжка', 'Расслабляющая растяжка ног и спины перед сном.', 'catalog/covers/wo-stretch-evening-20.webp', NULL, 1200, 'beginner', '["коврик","полотенце"]', '["травмы тазобедренных"]', 'mixed', 'published', '2026-07-14T00:00:00.000Z', '2026-07-14T00:00:00.000Z', '2026-07-14T00:00:00.000Z'),
('wo-sun-a-18', NULL, 'flowly', 'public', 'Приветствие солнцу', 'Разогревающая связка с понятным темпом.', 'catalog/covers/wo-sun-a-18.webp', NULL, 1080, 'intermediate', '["коврик"]', '["травмы запястий","высокое давление без консультации"]', 'video', 'published', '2026-07-14T00:00:00.000Z', '2026-07-14T00:00:00.000Z', '2026-07-14T00:00:00.000Z'),
('wo-core-12', NULL, 'flowly', 'public', 'Кор без спешки', 'Стабилизация корпуса без прыжков и рывков.', 'catalog/covers/wo-core-12.webp', NULL, 720, 'beginner', '["коврик"]', '["обострение боли в пояснице"]', 'step_by_step', 'published', '2026-07-14T00:00:00.000Z', '2026-07-14T00:00:00.000Z', '2026-07-14T00:00:00.000Z'),
('wo-hips-25', NULL, 'flowly', 'public', 'Таз и бёдра', 'Глубокая, но спокойная мобильность тазобедренных.', 'catalog/covers/wo-hips-25.webp', NULL, 1500, 'intermediate', '["коврик","блок"]', '["острые травмы коленей"]', 'mixed', 'published', '2026-07-14T00:00:00.000Z', '2026-07-14T00:00:00.000Z', '2026-07-14T00:00:00.000Z'),
('wo-balance-basic-15', NULL, 'flowly', 'public', 'Баланс база', 'Устойчивость и спокойный фокус без сложных переходов.', 'catalog/covers/wo-balance-basic-15.webp', NULL, 900, 'beginner', '[]', '["головокружение"]', 'step_by_step', 'published', '2026-07-14T00:00:00.000Z', '2026-07-14T00:00:00.000Z', '2026-07-14T00:00:00.000Z'),
('wo-shoulders-14', NULL, 'flowly', 'public', 'Плечи и шея', 'Разгрузка плеч после работы за компьютером.', 'catalog/covers/wo-shoulders-14.webp', NULL, 840, 'beginner', '[]', '["острая боль в шее"]', 'step_by_step', 'published', '2026-07-14T00:00:00.000Z', '2026-07-14T00:00:00.000Z', '2026-07-14T00:00:00.000Z'),
('wo-breath-calm-8', NULL, 'flowly', 'public', 'Дыхание для спокойствия', 'Короткая практика дыхания без физических нагрузок.', 'catalog/covers/wo-breath-calm-8.webp', NULL, 480, 'beginner', '[]', '["дискомфорт при задержке дыхания"]', 'step_by_step', 'published', '2026-07-14T00:00:00.000Z', '2026-07-14T00:00:00.000Z', '2026-07-14T00:00:00.000Z'),
('wo-energy-20', NULL, 'flowly', 'public', 'Энергия без прыжков', 'Активная практика средней интенсивности для всего тела.', 'catalog/covers/wo-energy-20.webp', NULL, 1200, 'intermediate', '["коврик"]', '["травмы запястий"]', 'mixed', 'published', '2026-07-14T00:00:00.000Z', '2026-07-14T00:00:00.000Z', '2026-07-14T00:00:00.000Z'),
('wo-lower-back-10', NULL, 'flowly', 'public', 'Поясница: мягко', 'Небольшая разгрузка поясницы без глубоких прогибов.', 'catalog/covers/wo-lower-back-10.webp', NULL, 600, 'beginner', '["коврик"]', '["острая боль","онемение ноги"]', 'step_by_step', 'published', '2026-07-14T00:00:00.000Z', '2026-07-14T00:00:00.000Z', '2026-07-14T00:00:00.000Z'),
('wo-legs-stretch-18', NULL, 'flowly', 'public', 'Растяжка ног', 'Задняя поверхность бедра, икры и мягкая складка.', 'catalog/covers/wo-legs-stretch-18.webp', NULL, 1080, 'beginner', '["полотенце"]', '["травмы задней поверхности бедра"]', 'step_by_step', 'published', '2026-07-14T00:00:00.000Z', '2026-07-14T00:00:00.000Z', '2026-07-14T00:00:00.000Z'),
('wo-strength-flow-30', NULL, 'flowly', 'public', 'Силовой flow', 'Более плотная практика для ног, плеч и кора.', 'catalog/covers/wo-strength-flow-30.webp', NULL, 1800, 'advanced', '["коврик"]', '["травмы плеч","травмы запястий"]', 'mixed', 'published', '2026-07-14T00:00:00.000Z', '2026-07-14T00:00:00.000Z', '2026-07-14T00:00:00.000Z'),
('wo-restorative-25', NULL, 'flowly', 'public', 'Восстановление', 'Медленная практика с долгими удержаниями.', 'catalog/covers/wo-restorative-25.webp', NULL, 1500, 'beginner', '["подушка","плед"]', '[]', 'step_by_step', 'published', '2026-07-14T00:00:00.000Z', '2026-07-14T00:00:00.000Z', '2026-07-14T00:00:00.000Z'),
('wo-mobility-full-22', NULL, 'flowly', 'public', 'Мобильность всего тела', 'Суставная разминка и плавные переходы.', 'catalog/covers/wo-mobility-full-22.webp', NULL, 1320, 'beginner', '[]', '["острое воспаление суставов"]', 'mixed', 'published', '2026-07-14T00:00:00.000Z', '2026-07-14T00:00:00.000Z', '2026-07-14T00:00:00.000Z'),
('wo-posture-16', NULL, 'flowly', 'public', 'Осанка и грудной отдел', 'Плечи, грудной отдел и мягкое укрепление спины.', 'catalog/covers/wo-posture-16.webp', NULL, 960, 'beginner', '["коврик"]', '["острая боль в плече"]', 'step_by_step', 'published', '2026-07-14T00:00:00.000Z', '2026-07-14T00:00:00.000Z', '2026-07-14T00:00:00.000Z'),
('wo-evening-sleep-12', NULL, 'flowly', 'public', 'Перед сном', 'Минимум усилий, больше дыхания и расслабления.', 'catalog/covers/wo-evening-sleep-12.webp', NULL, 720, 'beginner', '["плед"]', '[]', 'step_by_step', 'published', '2026-07-14T00:00:00.000Z', '2026-07-14T00:00:00.000Z', '2026-07-14T00:00:00.000Z'),
('wo-balance-flow-20', NULL, 'flowly', 'public', 'Баланс flow', 'Плавная практика с простыми балансами.', 'catalog/covers/wo-balance-flow-20.webp', NULL, 1200, 'intermediate', '["коврик"]', '["головокружение","травмы голеностопа"]', 'mixed', 'published', '2026-07-14T00:00:00.000Z', '2026-07-14T00:00:00.000Z', '2026-07-14T00:00:00.000Z'),
('wo-wrists-safe-13', NULL, 'flowly', 'public', 'Без нагрузки на запястья', 'Практика на предплечьях и стоя без долгих опор на кисти.', 'catalog/covers/wo-wrists-safe-13.webp', NULL, 780, 'beginner', '["коврик"]', '["острая боль в локтях"]', 'step_by_step', 'published', '2026-07-14T00:00:00.000Z', '2026-07-14T00:00:00.000Z', '2026-07-14T00:00:00.000Z'),
('wo-deep-stretch-35', NULL, 'flowly', 'public', 'Глубокая растяжка', 'Длинные удержания для опытных пользователей.', 'catalog/covers/wo-deep-stretch-35.webp', NULL, 2100, 'advanced', '["коврик","блок","ремень"]', '["гипермобильность без контроля","острые травмы"]', 'mixed', 'published', '2026-07-14T00:00:00.000Z', '2026-07-14T00:00:00.000Z', '2026-07-14T00:00:00.000Z'),
('wo-yt-malova-morning-10', NULL, 'youtube', 'public', 'YouTube: утренняя разминка 10 минут', 'Видео-практика Елены Маловой для мягкого старта дня.', NULL, 'BU2iL0mz858', 594, 'beginner', '[]', '["острая боль"]', 'video', 'published', '2026-07-14T00:00:00.000Z', '2026-07-14T00:00:00.000Z', '2026-07-14T00:00:00.000Z'),
('wo-yt-malova-vinyasa-24', NULL, 'youtube', 'public', 'YouTube: виньяса для начинающих', '24-минутная видео-практика Елены Маловой для знакомства с виньясой.', NULL, 'o29nP-jH3eA', 1479, 'beginner', '["коврик"]', '["острая боль","высокое давление без консультации врача"]', 'video', 'published', '2026-07-14T00:00:00.000Z', '2026-07-14T00:00:00.000Z', '2026-07-14T00:00:00.000Z'),
('wo-yt-adriene-stress-7', NULL, 'youtube', 'public', 'YouTube: stress relief yoga', 'Короткая YouTube-практика Yoga With Adriene для расслабления и дыхания.', NULL, 'qiKJRoX_2uo', 420, 'beginner', '[]', '["острая боль"]', 'video', 'published', '2026-07-14T00:00:00.000Z', '2026-07-14T00:00:00.000Z', '2026-07-14T00:00:00.000Z')
ON CONFLICT(id) DO UPDATE SET source_type=excluded.source_type, visibility=excluded.visibility, title=excluded.title, description=excluded.description, cover_object_key=excluded.cover_object_key, youtube_video_id=excluded.youtube_video_id, duration_seconds=excluded.duration_seconds, difficulty=excluded.difficulty, equipment=excluded.equipment, contraindications=excluded.contraindications, format=excluded.format, status=excluded.status, updated_at=excluded.updated_at, published_at=excluded.published_at;

DELETE FROM workout_category_links WHERE workout_id IN ('wo-morning-10', 'wo-back-soft-15', 'wo-stretch-evening-20', 'wo-sun-a-18', 'wo-core-12', 'wo-hips-25', 'wo-balance-basic-15', 'wo-shoulders-14', 'wo-breath-calm-8', 'wo-energy-20', 'wo-lower-back-10', 'wo-legs-stretch-18', 'wo-strength-flow-30', 'wo-restorative-25', 'wo-mobility-full-22', 'wo-posture-16', 'wo-evening-sleep-12', 'wo-balance-flow-20', 'wo-wrists-safe-13', 'wo-deep-stretch-35', 'wo-yt-malova-morning-10', 'wo-yt-malova-vinyasa-24', 'wo-yt-adriene-stress-7');
INSERT INTO workout_category_links (workout_id, category_id) VALUES
('wo-morning-10', 'cat-morning'),
('wo-morning-10', 'cat-mobility'),
('wo-back-soft-15', 'cat-back'),
('wo-back-soft-15', 'cat-relax'),
('wo-stretch-evening-20', 'cat-evening'),
('wo-stretch-evening-20', 'cat-stretch'),
('wo-stretch-evening-20', 'cat-relax'),
('wo-sun-a-18', 'cat-morning'),
('wo-sun-a-18', 'cat-strength'),
('wo-core-12', 'cat-core'),
('wo-core-12', 'cat-strength'),
('wo-hips-25', 'cat-mobility'),
('wo-hips-25', 'cat-stretch'),
('wo-balance-basic-15', 'cat-balance'),
('wo-balance-basic-15', 'cat-mobility'),
('wo-shoulders-14', 'cat-back'),
('wo-shoulders-14', 'cat-mobility'),
('wo-shoulders-14', 'cat-relax'),
('wo-breath-calm-8', 'cat-breath'),
('wo-breath-calm-8', 'cat-relax'),
('wo-breath-calm-8', 'cat-evening'),
('wo-energy-20', 'cat-morning'),
('wo-energy-20', 'cat-strength'),
('wo-energy-20', 'cat-mobility'),
('wo-lower-back-10', 'cat-back'),
('wo-lower-back-10', 'cat-relax'),
('wo-legs-stretch-18', 'cat-stretch'),
('wo-legs-stretch-18', 'cat-mobility'),
('wo-strength-flow-30', 'cat-strength'),
('wo-strength-flow-30', 'cat-core'),
('wo-restorative-25', 'cat-relax'),
('wo-restorative-25', 'cat-evening'),
('wo-restorative-25', 'cat-breath'),
('wo-mobility-full-22', 'cat-mobility'),
('wo-mobility-full-22', 'cat-morning'),
('wo-posture-16', 'cat-back'),
('wo-posture-16', 'cat-strength'),
('wo-evening-sleep-12', 'cat-evening'),
('wo-evening-sleep-12', 'cat-breath'),
('wo-evening-sleep-12', 'cat-relax'),
('wo-balance-flow-20', 'cat-balance'),
('wo-balance-flow-20', 'cat-strength'),
('wo-wrists-safe-13', 'cat-mobility'),
('wo-wrists-safe-13', 'cat-back'),
('wo-deep-stretch-35', 'cat-stretch'),
('wo-deep-stretch-35', 'cat-evening'),
('wo-yt-malova-morning-10', 'cat-morning'),
('wo-yt-malova-morning-10', 'cat-mobility'),
('wo-yt-malova-vinyasa-24', 'cat-mobility'),
('wo-yt-malova-vinyasa-24', 'cat-strength'),
('wo-yt-malova-vinyasa-24', 'cat-stretch'),
('wo-yt-adriene-stress-7', 'cat-relax'),
('wo-yt-adriene-stress-7', 'cat-breath');

DELETE FROM workout_exercises WHERE workout_id IN ('wo-morning-10', 'wo-back-soft-15', 'wo-stretch-evening-20', 'wo-sun-a-18', 'wo-core-12', 'wo-hips-25', 'wo-balance-basic-15', 'wo-shoulders-14', 'wo-breath-calm-8', 'wo-energy-20', 'wo-lower-back-10', 'wo-legs-stretch-18', 'wo-strength-flow-30', 'wo-restorative-25', 'wo-mobility-full-22', 'wo-posture-16', 'wo-evening-sleep-12', 'wo-balance-flow-20', 'wo-wrists-safe-13', 'wo-deep-stretch-35', 'wo-yt-malova-morning-10', 'wo-yt-malova-vinyasa-24', 'wo-yt-adriene-stress-7');
INSERT INTO workout_exercises (workout_id, exercise_id, position, sets_count, repetitions, duration_seconds, rest_seconds, custom_instruction) VALUES
('wo-morning-10', 'ex-mountain', 1, NULL, NULL, 60, NULL, NULL),
('wo-morning-10', 'ex-neck-rolls', 2, NULL, NULL, 60, NULL, NULL),
('wo-morning-10', 'ex-shoulder-rolls', 3, NULL, NULL, 60, NULL, NULL),
('wo-morning-10', 'ex-cat-cow', 4, NULL, NULL, 90, NULL, NULL),
('wo-morning-10', 'ex-down-dog', 5, NULL, NULL, 90, NULL, NULL),
('wo-morning-10', 'ex-forward-fold', 6, NULL, NULL, 90, NULL, NULL),
('wo-back-soft-15', 'ex-cat-cow', 1, NULL, NULL, 90, NULL, NULL),
('wo-back-soft-15', 'ex-child', 2, NULL, NULL, 90, NULL, NULL),
('wo-back-soft-15', 'ex-thread-needle', 3, NULL, NULL, 90, NULL, NULL),
('wo-back-soft-15', 'ex-sphinx', 4, NULL, NULL, 90, NULL, NULL),
('wo-back-soft-15', 'ex-supine-twist', 5, NULL, NULL, 120, NULL, NULL),
('wo-back-soft-15', 'ex-knee-hugs', 6, NULL, NULL, 90, NULL, NULL),
('wo-stretch-evening-20', 'ex-butterfly', 1, NULL, NULL, 120, NULL, NULL),
('wo-stretch-evening-20', 'ex-seated-fold', 2, NULL, NULL, 120, NULL, NULL),
('wo-stretch-evening-20', 'ex-figure-four', 3, NULL, NULL, 120, NULL, NULL),
('wo-stretch-evening-20', 'ex-supine-twist', 4, NULL, NULL, 120, NULL, NULL),
('wo-stretch-evening-20', 'ex-legs-wall', 5, NULL, NULL, 180, NULL, NULL),
('wo-stretch-evening-20', 'ex-savasana', 6, NULL, NULL, 180, NULL, NULL),
('wo-sun-a-18', 'ex-wrist-warmup', 1, NULL, NULL, 90, NULL, NULL),
('wo-sun-a-18', 'ex-mountain', 2, NULL, NULL, 60, NULL, NULL),
('wo-sun-a-18', 'ex-sun-a', 3, NULL, NULL, 180, NULL, NULL),
('wo-sun-a-18', 'ex-low-lunge', 4, NULL, NULL, 90, NULL, NULL),
('wo-sun-a-18', 'ex-down-dog', 5, NULL, NULL, 90, NULL, NULL),
('wo-sun-a-18', 'ex-child', 6, NULL, NULL, 90, NULL, NULL),
('wo-core-12', 'ex-dead-bug', 1, NULL, NULL, 90, NULL, NULL),
('wo-core-12', 'ex-bird-dog', 2, NULL, NULL, 90, NULL, NULL),
('wo-core-12', 'ex-plank', 3, NULL, NULL, 45, NULL, NULL),
('wo-core-12', 'ex-boat', 4, NULL, NULL, 60, NULL, NULL),
('wo-core-12', 'ex-child', 5, NULL, NULL, 90, NULL, NULL),
('wo-hips-25', 'ex-low-lunge', 1, NULL, NULL, 90, NULL, NULL),
('wo-hips-25', 'ex-lizard', 2, NULL, NULL, 120, NULL, NULL),
('wo-hips-25', 'ex-pigeon', 3, NULL, NULL, 120, NULL, NULL),
('wo-hips-25', 'ex-butterfly', 4, NULL, NULL, 120, NULL, NULL),
('wo-hips-25', 'ex-happy-baby', 5, NULL, NULL, 90, NULL, NULL),
('wo-hips-25', 'ex-savasana', 6, NULL, NULL, 180, NULL, NULL),
('wo-balance-basic-15', 'ex-mountain', 1, NULL, NULL, 60, NULL, NULL),
('wo-balance-basic-15', 'ex-ankle-mobility', 2, NULL, NULL, 90, NULL, NULL),
('wo-balance-basic-15', 'ex-tree', 3, NULL, NULL, 90, NULL, NULL),
('wo-balance-basic-15', 'ex-tabletop-balance', 4, NULL, NULL, 90, NULL, NULL),
('wo-balance-basic-15', 'ex-half-moon', 5, NULL, NULL, 75, NULL, NULL),
('wo-balance-basic-15', 'ex-child', 6, NULL, NULL, 90, NULL, NULL),
('wo-shoulders-14', 'ex-neck-rolls', 1, NULL, NULL, 60, NULL, NULL),
('wo-shoulders-14', 'ex-shoulder-rolls', 2, NULL, NULL, 60, NULL, NULL),
('wo-shoulders-14', 'ex-eagle-arms', 3, NULL, NULL, 90, NULL, NULL),
('wo-shoulders-14', 'ex-puppy', 4, NULL, NULL, 90, NULL, NULL),
('wo-shoulders-14', 'ex-thread-needle', 5, NULL, NULL, 90, NULL, NULL),
('wo-shoulders-14', 'ex-side-bend', 6, NULL, NULL, 90, NULL, NULL),
('wo-breath-calm-8', 'ex-meditation-seat', 1, NULL, NULL, 180, NULL, NULL),
('wo-breath-calm-8', 'ex-long-exhale', 2, NULL, NULL, 180, NULL, NULL),
('wo-breath-calm-8', 'ex-box-breath', 3, NULL, NULL, 180, NULL, NULL),
('wo-energy-20', 'ex-wrist-warmup', 1, NULL, NULL, 90, NULL, NULL),
('wo-energy-20', 'ex-chair', 2, NULL, NULL, 75, NULL, NULL),
('wo-energy-20', 'ex-crescent', 3, NULL, NULL, 75, NULL, NULL),
('wo-energy-20', 'ex-warrior-two', 4, NULL, NULL, 75, NULL, NULL),
('wo-energy-20', 'ex-side-angle', 5, NULL, NULL, 90, NULL, NULL),
('wo-energy-20', 'ex-down-dog', 6, NULL, NULL, 90, NULL, NULL),
('wo-energy-20', 'ex-child', 7, NULL, NULL, 90, NULL, NULL),
('wo-lower-back-10', 'ex-crocodile', 1, NULL, NULL, 120, NULL, NULL),
('wo-lower-back-10', 'ex-cat-cow', 2, NULL, NULL, 90, NULL, NULL),
('wo-lower-back-10', 'ex-child', 3, NULL, NULL, 90, NULL, NULL),
('wo-lower-back-10', 'ex-knee-hugs', 4, NULL, NULL, 90, NULL, NULL),
('wo-lower-back-10', 'ex-supine-twist', 5, NULL, NULL, 120, NULL, NULL),
('wo-legs-stretch-18', 'ex-reclined-hamstring', 1, NULL, NULL, 120, NULL, NULL),
('wo-legs-stretch-18', 'ex-calf-stretch', 2, NULL, NULL, 90, NULL, NULL),
('wo-legs-stretch-18', 'ex-half-split', 3, NULL, NULL, 90, NULL, NULL),
('wo-legs-stretch-18', 'ex-wide-fold', 4, NULL, NULL, 120, NULL, NULL),
('wo-legs-stretch-18', 'ex-seated-fold', 5, NULL, NULL, 120, NULL, NULL),
('wo-strength-flow-30', 'ex-sun-a', 1, NULL, NULL, 180, NULL, NULL),
('wo-strength-flow-30', 'ex-warrior-one', 2, NULL, NULL, 75, NULL, NULL),
('wo-strength-flow-30', 'ex-warrior-two', 3, NULL, NULL, 75, NULL, NULL),
('wo-strength-flow-30', 'ex-chair', 4, NULL, NULL, 75, NULL, NULL),
('wo-strength-flow-30', 'ex-plank', 5, NULL, NULL, 45, NULL, NULL),
('wo-strength-flow-30', 'ex-side-plank', 6, NULL, NULL, 45, NULL, NULL),
('wo-strength-flow-30', 'ex-boat', 7, NULL, NULL, 60, NULL, NULL),
('wo-strength-flow-30', 'ex-child', 8, NULL, NULL, 90, NULL, NULL),
('wo-restorative-25', 'ex-child', 1, NULL, NULL, 90, NULL, NULL),
('wo-restorative-25', 'ex-butterfly', 2, NULL, NULL, 120, NULL, NULL),
('wo-restorative-25', 'ex-legs-wall', 3, NULL, NULL, 180, NULL, NULL),
('wo-restorative-25', 'ex-long-exhale', 4, NULL, NULL, 180, NULL, NULL),
('wo-restorative-25', 'ex-savasana', 5, NULL, NULL, 180, NULL, NULL),
('wo-mobility-full-22', 'ex-neck-rolls', 1, NULL, NULL, 60, NULL, NULL),
('wo-mobility-full-22', 'ex-shoulder-rolls', 2, NULL, NULL, 60, NULL, NULL),
('wo-mobility-full-22', 'ex-hip-circles', 3, NULL, NULL, 90, NULL, NULL),
('wo-mobility-full-22', 'ex-ankle-mobility', 4, NULL, NULL, 90, NULL, NULL),
('wo-mobility-full-22', 'ex-cat-cow', 5, NULL, NULL, 90, NULL, NULL),
('wo-mobility-full-22', 'ex-rag-doll', 6, NULL, NULL, 90, NULL, NULL),
('wo-posture-16', 'ex-eagle-arms', 1, NULL, NULL, 90, NULL, NULL),
('wo-posture-16', 'ex-puppy', 2, NULL, NULL, 90, NULL, NULL),
('wo-posture-16', 'ex-sphinx', 3, NULL, NULL, 90, NULL, NULL),
('wo-posture-16', 'ex-locust', 4, NULL, NULL, 60, NULL, NULL),
('wo-posture-16', 'ex-thread-needle', 5, NULL, NULL, 90, NULL, NULL),
('wo-posture-16', 'ex-child', 6, NULL, NULL, 90, NULL, NULL),
('wo-evening-sleep-12', 'ex-side-bend', 1, NULL, NULL, 90, NULL, NULL),
('wo-evening-sleep-12', 'ex-supine-twist', 2, NULL, NULL, 120, NULL, NULL),
('wo-evening-sleep-12', 'ex-legs-wall', 3, NULL, NULL, 180, NULL, NULL),
('wo-evening-sleep-12', 'ex-long-exhale', 4, NULL, NULL, 180, NULL, NULL),
('wo-evening-sleep-12', 'ex-savasana', 5, NULL, NULL, 180, NULL, NULL),
('wo-balance-flow-20', 'ex-mountain', 1, NULL, NULL, 60, NULL, NULL),
('wo-balance-flow-20', 'ex-tree', 2, NULL, NULL, 90, NULL, NULL),
('wo-balance-flow-20', 'ex-warrior-two', 3, NULL, NULL, 75, NULL, NULL),
('wo-balance-flow-20', 'ex-half-moon', 4, NULL, NULL, 75, NULL, NULL),
('wo-balance-flow-20', 'ex-dancer-prep', 5, NULL, NULL, 75, NULL, NULL),
('wo-balance-flow-20', 'ex-child', 6, NULL, NULL, 90, NULL, NULL),
('wo-wrists-safe-13', 'ex-eagle-arms', 1, NULL, NULL, 90, NULL, NULL),
('wo-wrists-safe-13', 'ex-dolphin', 2, NULL, NULL, 75, NULL, NULL),
('wo-wrists-safe-13', 'ex-forearm-plank', 3, NULL, NULL, 45, NULL, NULL),
('wo-wrists-safe-13', 'ex-sphinx', 4, NULL, NULL, 90, NULL, NULL),
('wo-wrists-safe-13', 'ex-child', 5, NULL, NULL, 90, NULL, NULL),
('wo-deep-stretch-35', 'ex-lizard', 1, NULL, NULL, 120, NULL, NULL),
('wo-deep-stretch-35', 'ex-pigeon', 2, NULL, NULL, 120, NULL, NULL),
('wo-deep-stretch-35', 'ex-wide-fold', 3, NULL, NULL, 120, NULL, NULL),
('wo-deep-stretch-35', 'ex-prasarita', 4, NULL, NULL, 120, NULL, NULL),
('wo-deep-stretch-35', 'ex-seated-fold', 5, NULL, NULL, 120, NULL, NULL),
('wo-deep-stretch-35', 'ex-figure-four', 6, NULL, NULL, 120, NULL, NULL),
('wo-deep-stretch-35', 'ex-savasana', 7, NULL, NULL, 180, NULL, NULL),
('wo-yt-malova-morning-10', 'ex-mountain', 1, NULL, NULL, 60, NULL, NULL),
('wo-yt-malova-morning-10', 'ex-neck-rolls', 2, NULL, NULL, 60, NULL, NULL),
('wo-yt-malova-morning-10', 'ex-shoulder-rolls', 3, NULL, NULL, 60, NULL, NULL),
('wo-yt-malova-morning-10', 'ex-cat-cow', 4, NULL, NULL, 90, NULL, NULL),
('wo-yt-malova-morning-10', 'ex-forward-fold', 5, NULL, NULL, 90, NULL, NULL),
('wo-yt-malova-vinyasa-24', 'ex-sun-a', 1, NULL, NULL, 180, NULL, NULL),
('wo-yt-malova-vinyasa-24', 'ex-low-lunge', 2, NULL, NULL, 90, NULL, NULL),
('wo-yt-malova-vinyasa-24', 'ex-warrior-one', 3, NULL, NULL, 75, NULL, NULL),
('wo-yt-malova-vinyasa-24', 'ex-down-dog', 4, NULL, NULL, 90, NULL, NULL),
('wo-yt-malova-vinyasa-24', 'ex-child', 5, NULL, NULL, 90, NULL, NULL),
('wo-yt-adriene-stress-7', 'ex-meditation-seat', 1, NULL, NULL, 180, NULL, NULL),
('wo-yt-adriene-stress-7', 'ex-box-breath', 2, NULL, NULL, 180, NULL, NULL),
('wo-yt-adriene-stress-7', 'ex-side-bend', 3, NULL, NULL, 90, NULL, NULL),
('wo-yt-adriene-stress-7', 'ex-child', 4, NULL, NULL, 90, NULL, NULL),
('wo-yt-adriene-stress-7', 'ex-savasana', 5, NULL, NULL, 180, NULL, NULL);

COMMIT;